Issue_ID,Issue_Description,Severity,Related_Requirement,Evidence_Source,Proposed_Fix,Owner,Deadline,Status
IMP-01,Implement attendance report export in CSV or PDF format.,Critical,FR8,All T07 attempts failed,Add export control and validate downloaded values,Hein Htet,Before Lab 14,Pending
IMP-02,Complete administrator student and course management.,Critical,FR9/FR10,T08 incomplete,Add create edit delete forms validation and persistence,Hein Htet,Before Lab 14,Pending
IMP-03,Align requirement IDs across all documents.,Important,FR1-FR10,Documentation review,Use system-requirements.md as source of truth,Sai Kaung Htet Kyaw,Before final repository review,Pending
IMP-04,Remove outdated QR wording.,Important,FR1/FR2/FR3,Older requirement and MVP text,Use ID Password and attendance-password wording consistently,Htut Myat Moe,Before final repository review,Pending
IMP-05,Clarify attendance-password instructions and validation.,Important,FR2/FR3/FR4/NFR1,T03 confusion,Add field help required markers error and success messages,Htut Myat Moe,Before retest,Pending
IMP-06,Improve search and filter labels.,Useful,FR7/NFR1,T06 confusion,Rename filters and add Reset Filters,Sai Kaung Htet Kyaw,If time permits,Pending
IMP-07,Improve mobile responsiveness.,Useful,NFR4,Remaining testing,Test common mobile widths and table layout,Htut Myat Moe,If time permits,Pending
IMP-08,Use secure server authentication.,Future,NFR3,Security limitation,Replace plain-text demo passwords,Hein Htet,Future production version,Backlog
IMP-09,Use a synchronized cloud database.,Future,NFR5/NFR6,Local Storage limitation,Add Firebase or backend database,Hein Htet,Future production version,Backlog
